epoch,step,train_acc_step,train_loss
0,49,0.2523455321788788,0.53896564245224
0,99,0.24987901747226715,0.3183285593986511
0,149,0.25,0.28229472041130066
