epoch,step,train_acc_step,train_loss
0,49,0.9871566891670227,0.24429935216903687
